sequence	activity	locus	rs3_score
ATCGATCGATCGATCGATCG	0.85	PCSK9_ex1	0.78
AAAACCCCGGGGTTTTAAAA	0.45	PCSK9_ex1	0.52
GCGCGCGCGCGCGCGCGCGC	0.92	BRCA1_ex2	0.88
ATATATATATATATATATAT	0.38	BRCA1_ex2	0.42
TACGTACGTACGTACGTACG	0.76	TP53_ex5	0.71
CGCGATCGATCGATCGATCG	0.81	TP53_ex5	0.79
GGGGCCCCAAAATTTTGGGG	0.55	KRAS_ex2	0.61
TTTTAAAACCCCGGGGTTTT	0.49	KRAS_ex2	0.53
ATCGATCGCCCCGGGGAAAA	0.73	MYC_ex3	0.69
GCTAGCTAGCTAGCTAGCTA	0.67	MYC_ex3	0.65
AATTCCGGAATTCCGGAATT	0.58	EGFR_ex19	0.59
CCGGAATTCCGGAATTCCGG	0.62	EGFR_ex19	0.60
ATGCATGCATGCATGCATGC	0.71	PTEN_ex7	0.68
TACGTACGTACGTACGTACG	0.79	PTEN_ex7	0.74
GGCCGGCCGGCCGGCCGGCC	0.88	BRAF_ex15	0.85
AACCTTGGAACCTTGGAACC	0.51	BRAF_ex15	0.54
CGCGATATATATCGCGCGCG	0.64	CDK4_ex2	0.62
ATCGATCGATCGATCGATCG	0.77	CDK4_ex2	0.73
TTTTGGGGCCCCAAAATTTT	0.46	PIK3CA_ex9	0.50
GGGGAAAATTTTCCCCGGGG	0.53	PIK3CA_ex9	0.56
